{"Total Loss": 0.021883375942707062, "Pred Loss": 0.02159644290804863, "Decop Loss": 0.005738699808716774, "_timestamp": 1681820173.5378041, "_runtime": 45173.91854119301, "_step": 3667}