{"Total Loss": 0.014509557746350765, "Pred Loss": 0.014466004446148872, "Decop Loss": 0.0008710717665962875, "_timestamp": 1682196900.8812501, "_runtime": 143776.27438807487, "_step": 10999, "Test mse": 0.02760550007224083, "_wandb": {"runtime": 143776}}