{"Test mse": 0.01804906129837036, "_timestamp": 1682654171.400654, "_runtime": 101301.65434908867, "_step": 8172}