{"Total Loss": 0.02728966437280178, "Pred Loss": 0.025481179356575012, "Decop Loss": 0.036169689148664474, "_timestamp": 1681705593.5339618, "_runtime": 732.6266148090363, "_step": 54, "Test mse": 0.32141125202178955, "_wandb": {"runtime": 732}}