{"Total Loss": 0.01833501085639, "Pred Loss": 0.0182136669754982, "Decop Loss": 0.00242684967815876, "_timestamp": 1683127786.0165458, "_runtime": 114418.03355073929, "_step": 7880}