{"Total Loss": 0.030464425683021545, "Pred Loss": 0.029615312814712524, "Decop Loss": 0.01698226109147072, "_timestamp": 1681891561.5494885, "_runtime": 10222.006937503815, "_step": 817}