{"Total Loss": 0.06812673062086105, "Pred Loss": 0.06657466292381287, "Decop Loss": 0.031041212379932404, "_timestamp": 1682037565.9126506, "_runtime": 145210.30958652496, "_step": 10999, "Test mse": 0.06768261641263962, "_wandb": {"runtime": 145210}}