{"Total Loss": 0.23229944705963135, "Pred Loss": 0.22548048198223114, "Decop Loss": 0.13637952506542206, "_timestamp": 1683443179.644842, "_runtime": 134.74650883674622, "_step": 1, "_wandb": {"runtime": 135}}