{"Total Loss": 0.016485467553138733, "Pred Loss": 0.016422733664512634, "Decop Loss": 0.001254688249900937, "_timestamp": 1682934455.6533744, "_runtime": 23387.761556386948, "_step": 1878, "Test mse": 0.026091184467077255, "_wandb": {"runtime": 23393}}