{"Total Loss": 0.013068893924355507, "Pred Loss": 0.012978091835975647, "Decop Loss": 0.0018160275649279356, "_timestamp": 1682058388.1037629, "_runtime": 96724.89777088165, "_step": 7328}