{"Total Loss": 0.017521772533655167, "Pred Loss": 0.017295297235250473, "Decop Loss": 0.004529534373432398, "_timestamp": 1681662976.5953736, "_runtime": 36804.099509716034, "_step": 2898, "Test mse": 0.0}