{"Total Loss": 0.021927740424871445, "Pred Loss": 0.021550683304667473, "Decop Loss": 0.007541143801063299, "_timestamp": 1681834446.6589735, "_runtime": 41782.15889954567, "_step": 2102}