{"Total Loss": 0.017864814028143883, "Pred Loss": 0.01780438795685768, "Decop Loss": 0.0012084952322766185, "_timestamp": 1682952051.6252267, "_runtime": 14837.175202846527, "_step": 1222, "Test mse": 0.025334808975458145, "_wandb": {"runtime": 14843}}