{"Total Loss": 0.1995561420917511, "Pred Loss": 0.1830979585647583, "Decop Loss": 0.3291633129119873, "_timestamp": 1683212993.0064857, "_runtime": 296.5131587982178, "_step": 9, "_wandb": {"runtime": 320}}