{"Total Loss": 0.012443669140338898, "Pred Loss": 0.012407772243022919, "Decop Loss": 0.0007179383537732065, "_timestamp": 1681777195.1775742, "_runtime": 111529.63671326637, "_step": 8835, "Test mse": 0.04370579123497009}