{"Total Loss": 0.09501635283231735, "Pred Loss": 0.08732621371746063, "Decop Loss": 0.15380288660526276, "_timestamp": 1683216430.4452095, "_runtime": 908.4723954200745, "_step": 36, "Test mse": 0.09280988574028015, "_wandb": {"runtime": 908}}