{"Total Loss": 0.032907065004110336, "Pred Loss": 0.03194480389356613, "Decop Loss": 0.019245252013206482, "_timestamp": 1682966762.785024, "_runtime": 10969.638271808624, "_step": 818, "Test mse": 0.03840400651097298, "_wandb": {"runtime": 10976}}