{"Total Loss": 0.012841079384088516, "Pred Loss": 0.012779542244970798, "Decop Loss": 0.0012307454599067569, "_timestamp": 1681241004.6836712, "_runtime": 120250.02353024483, "_step": 10999, "Test mse": 0.022523813880980015, "_wandb": {"runtime": 120249}}