{"Total Loss": 0.20332738757133484, "Pred Loss": 0.18629196286201477, "Decop Loss": 0.3407086730003357, "_timestamp": 1683212996.3583198, "_runtime": 299.86517667770386, "_step": 6, "_wandb": {"runtime": 321}}