{"Total Loss": 0.012950656935572624, "Pred Loss": 0.012896875850856304, "Decop Loss": 0.0010756241390481591, "_timestamp": 1681098566.0607593, "_runtime": 160811.36314320564, "_step": 9999, "_wandb": {"runtime": 160824}}