{"Total Loss": 0.01254338026046753, "Pred Loss": 0.012497047893702984, "Decop Loss": 0.0009266333072446287, "_timestamp": 1682318774.5387855, "_runtime": 113094.81161856651, "_step": 9314}