{"Total Loss": 0.027137134224176407, "Pred Loss": 0.02679990604519844, "Decop Loss": 0.006744539365172386, "_timestamp": 1683444259.012571, "_runtime": 28191.88743519783, "_step": 1241}