{"Total Loss": 0.013368954882025719, "Pred Loss": 0.01324777863919735, "Decop Loss": 0.0024235413875430822, "_timestamp": 1682102526.0193079, "_runtime": 140862.67124080658, "_step": 10999, "Test mse": 0.041891444474458694, "_wandb": {"runtime": 140862}}