{"Total Loss": 0.014557941816747189, "Pred Loss": 0.014462046325206757, "Decop Loss": 0.0019178858492523432, "_timestamp": 1682024933.8369334, "_runtime": 133531.4357984066, "_step": 10999, "Test mse": 0.031408198177814484, "_wandb": {"runtime": 133531}}