{"Total Loss": 0.024767255410552025, "Pred Loss": 0.024435941129922867, "Decop Loss": 0.006626294460147619, "_timestamp": 1681821827.163927, "_runtime": 31095.96156311035, "_step": 2545}