{"Total Loss": 0.06710974872112274, "Pred Loss": 0.06531444936990738, "Decop Loss": 0.03590593859553337, "_timestamp": 1681722736.8306854, "_runtime": 1331.3012022972107, "_step": 109, "Test mse": 0.128952756524086, "_wandb": {"runtime": 1330}}