{"Total Loss": 0.023633025586605072, "Pred Loss": 0.023006603121757507, "Decop Loss": 0.012528455816209316, "_timestamp": 1681645494.7335932, "_runtime": 32535.780203342438, "_step": 1663, "Test mse": 0.0}