{"Total Loss": 0.04993613809347153, "Pred Loss": 0.048104178160429, "Decop Loss": 0.03663921728730202, "_timestamp": 1683320215.7685406, "_runtime": 5665.525010585785, "_step": 259, "Test mse": 0.05307680740952492, "_wandb": {"runtime": 5713}}