{"Total Loss": 0.016419174149632454, "Pred Loss": 0.016254277899861336, "Decop Loss": 0.003297925926744938, "_timestamp": 1682444132.9495327, "_runtime": 154243.53258180618, "_step": 7553}