{"Total Loss": 0.015350370667874813, "Pred Loss": 0.015312675386667252, "Decop Loss": 0.0007538836798630655, "_timestamp": 1682945059.9199865, "_runtime": 32646.130418539047, "_step": 2403, "Test mse": 0.026291480287909508, "_wandb": {"runtime": 32652}}