{"Total Loss": 0.025794222950935364, "Pred Loss": 0.024279333651065826, "Decop Loss": 0.03029780089855194, "_timestamp": 1681706866.4739141, "_runtime": 709.4840631484985, "_step": 54, "Test mse": 0.32970693707466125, "_wandb": {"runtime": 709}}