{"Total Loss": 0.06728142499923706, "Pred Loss": 0.06598493456840515, "Decop Loss": 0.02592974714934826, "_timestamp": 1681708709.4231815, "_runtime": 1375.753413438797, "_step": 109, "Test mse": 0.13826698064804077, "_wandb": {"runtime": 1375}}