{"Total Loss": 0.02237878367304802, "Pred Loss": 0.022175710648298264, "Decop Loss": 0.004061493091285229, "_timestamp": 1681820276.3592827, "_runtime": 45241.79833364487, "_step": 3647}