{"Total Loss": 0.025893134996294975, "Pred Loss": 0.02552218735218048, "Decop Loss": 0.007418959401547909, "_timestamp": 1683329955.7852879, "_runtime": 15405.541589975357, "_step": 698, "Test mse": 0.03233310952782631, "_wandb": {"runtime": 15465}}