{"Total Loss": 0.0359872505068779, "Pred Loss": 0.034527476876974106, "Decop Loss": 0.029195498675107956, "_timestamp": 1683231977.603571, "_runtime": 14911.389083862305, "_step": 687}