{"Total Loss": 0.016415642574429512, "Pred Loss": 0.016308357939124107, "Decop Loss": 0.002145694801583886, "_timestamp": 1681104790.5244296, "_runtime": 107265.16765666008, "_step": 9999, "_wandb": {"runtime": 107274}}