{"Total Loss": 0.014724615029990673, "Pred Loss": 0.014692495577037334, "Decop Loss": 0.0006423847516998649, "_timestamp": 1682949219.6036804, "_runtime": 807.9953153133392, "_step": 56, "Test mse": 0.026281245052814484, "_wandb": {"runtime": 813}}