{"Total Loss": 0.015225566923618317, "Pred Loss": 0.01511387899518013, "Decop Loss": 0.002233752515166998, "_timestamp": 1681235909.8114414, "_runtime": 115149.56756138802, "_step": 10999, "Test mse": 0.02679453045129776, "_wandb": {"runtime": 115149}}