{"Total Loss": 0.016805220395326614, "Pred Loss": 0.016704877838492393, "Decop Loss": 0.002006843686103821, "_timestamp": 1682973053.8793983, "_runtime": 293.8086724281311, "_step": 19, "Test mse": 0.026581600308418274, "_wandb": {"runtime": 300}}