{"Total Loss": 0.026075944304466248, "Pred Loss": 0.024735694751143456, "Decop Loss": 0.02680496871471405, "_timestamp": 1681706087.395654, "_runtime": 710.2764730453491, "_step": 54, "Test mse": 0.3250497877597809, "_wandb": {"runtime": 710}}