{"Total Loss": 0.01847197860479355, "Pred Loss": 0.018407784402370453, "Decop Loss": 0.0012838870752602816, "_timestamp": 1682948341.4796257, "_runtime": 184.28484177589417, "_step": 9, "_wandb": {"runtime": 202}}