{"Total Loss": 0.2624351382255554, "Pred Loss": 0.2249317616224289, "Decop Loss": 0.7500678300857544, "_timestamp": 1681116008.4610915, "_runtime": 121.37886357307434, "_step": 4, "_wandb": {"runtime": 126}}