{"Total Loss": 0.0267949178814888, "Pred Loss": 0.02635827660560608, "Decop Loss": 0.008732830174267292, "_timestamp": 1682999990.207195, "_runtime": 27030.691048145294, "_step": 2012, "Test mse": 0.03251533955335617, "_wandb": {"runtime": 27030}}