{"Total Loss": 0.014969723299145699, "Pred Loss": 0.014931133948266506, "Decop Loss": 0.0007717792177572846, "_timestamp": 1681232459.5563045, "_runtime": 111560.4517364502, "_step": 10999, "Test mse": 0.022830115631222725, "_wandb": {"runtime": 111560}}