{"Total Loss": 0.024465596303343773, "Pred Loss": 0.023561909794807434, "Decop Loss": 0.018073726445436478, "_timestamp": 1681667436.1806436, "_runtime": 1770.536122560501, "_step": 141, "Test mse": 0.35311275720596313, "_wandb": {"runtime": 1785}}