{"Total Loss": 0.025437450036406517, "Pred Loss": 0.025117171928286552, "Decop Loss": 0.0064055598340928555, "_timestamp": 1683231974.651566, "_runtime": 18903.747420072556, "_step": 878}