{"Total Loss": 0.022558994591236115, "Pred Loss": 0.021846424788236618, "Decop Loss": 0.014251390472054482, "_timestamp": 1681667411.7478113, "_runtime": 1746.2498984336853, "_step": 130, "Test mse": 0.23878219723701477}