{"Total Loss": 0.21510617434978485, "Pred Loss": 0.1840924322605133, "Decop Loss": 0.6202749013900757, "_timestamp": 1680479364.4129684, "_runtime": 236.0115044116974, "_step": 9, "_wandb": {"runtime": 247}}