{"Total Loss": 0.019565831869840622, "Pred Loss": 0.01933896727859974, "Decop Loss": 0.00453727412968874, "_timestamp": 1681235507.7633977, "_runtime": 115412.82833862305, "_step": 10999, "Test mse": 0.03333979286253452, "_wandb": {"runtime": 115412}}