{"Total Loss": 0.039945535361766815, "Pred Loss": 0.03834838047623634, "Decop Loss": 0.031943146139383316, "_timestamp": 1683231963.3307335, "_runtime": 18883.529916524887, "_step": 575}