{"Total Loss": 0.015428148210048676, "Pred Loss": 0.015089213848114014, "Decop Loss": 0.006778680253773928, "_timestamp": 1680641286.3008225, "_runtime": 161618.27120947838, "_step": 8414}