{"Total Loss": 0.19177865982055664, "Pred Loss": 0.1755232810974121, "Decop Loss": 0.32510748505592346, "_timestamp": 1680936435.951158, "_runtime": 103.43122410774231, "_step": 1, "_wandb": {"runtime": 115}}