{"Total Loss": 0.158186137676239, "Pred Loss": 0.13209795951843262, "Decop Loss": 0.521763801574707, "_timestamp": 1683212919.2073991, "_runtime": 222.71443223953247, "_step": 6, "_wandb": {"runtime": 237}}