{"Total Loss": 0.17430417239665985, "Pred Loss": 0.157869353890419, "Decop Loss": 0.3286963701248169, "_timestamp": 1683215457.663763, "_runtime": 160.9775631427765, "_step": 3, "_wandb": {"runtime": 161}}