{"Total Loss": 0.02109891176223755, "Pred Loss": 0.02076428197324276, "Decop Loss": 0.006692569237202406, "_timestamp": 1681645428.691416, "_runtime": 29301.45007109642, "_step": 1508, "Test mse": 0.0}