{"Total Loss": 0.020479261875152588, "Pred Loss": 0.020241349935531616, "Decop Loss": 0.004758256487548351, "_timestamp": 1681103280.2622645, "_runtime": 105884.88679456711, "_step": 9999, "_wandb": {"runtime": 105894}}