{"Total Loss": 0.05380971357226372, "Pred Loss": 0.05159251391887665, "Decop Loss": 0.044344037771224976, "_timestamp": 1683329261.0916493, "_runtime": 6529.093307256699, "_step": 283, "Test mse": 0.055718373507261276, "_wandb": {"runtime": 6586}}