{"Total Loss": 0.01906038448214531, "Pred Loss": 0.01896996796131134, "Decop Loss": 0.0018082739552482963, "_timestamp": 1683042630.0322132, "_runtime": 27100.7955391407, "_step": 2099, "Test mse": 0.03976774960756302, "_wandb": {"runtime": 27106}}