{"Total Loss": 0.0155034763738513, "Pred Loss": 0.015461903065443039, "Decop Loss": 0.0008314599399454892, "_timestamp": 1681232276.259841, "_runtime": 111965.66332602501, "_step": 10999, "Test mse": 0.02423070464283228, "_wandb": {"runtime": 111965}}