{"Total Loss": 0.1364670693874359, "Pred Loss": 0.12262171506881714, "Decop Loss": 0.2769070863723755, "_timestamp": 1683212993.974099, "_runtime": 297.48096680641174, "_step": 9, "_wandb": {"runtime": 299}}