{"Total Loss": 0.01370994746685028, "Pred Loss": 0.013612157665193081, "Decop Loss": 0.0019558174535632133, "_timestamp": 1682026301.912819, "_runtime": 134229.5980668068, "_step": 10999, "Test mse": 0.029227839782834053, "_wandb": {"runtime": 134229}}