{"Total Loss": 0.01484737079590559, "Pred Loss": 0.01476924680173397, "Decop Loss": 0.0015624890802428126, "_timestamp": 1682186475.669977, "_runtime": 133351.06280589104, "_step": 10999, "Test mse": 0.027460504323244095, "_wandb": {"runtime": 133350}}