{"Total Loss": 0.013701852411031723, "Pred Loss": 0.013493319042026997, "Decop Loss": 0.004170661326497793, "_timestamp": 1680641273.839166, "_runtime": 160820.8758108616, "_step": 8350}