{"Total Loss": 0.01453982200473547, "Pred Loss": 0.014377928338944912, "Decop Loss": 0.003237880766391754, "_timestamp": 1680641286.7226434, "_runtime": 160719.8646144867, "_step": 8386}