{"Total Loss": 0.018731843680143356, "Pred Loss": 0.018364397808909416, "Decop Loss": 0.007348924875259399, "_timestamp": 1681662957.1439898, "_runtime": 36792.188307762146, "_step": 2780, "Test mse": 0.0}