{"Total Loss": 0.07287739217281342, "Pred Loss": 0.071072056889534, "Decop Loss": 0.03610667586326599, "_timestamp": 1681708716.2069383, "_runtime": 1339.9731142520905, "_step": 109, "Test mse": 0.07963307201862335, "_wandb": {"runtime": 1339}}