{"Total Loss": 0.028562571853399277, "Pred Loss": 0.027794143185019493, "Decop Loss": 0.015368584543466568, "_timestamp": 1683231965.2305083, "_runtime": 18908.289573431015, "_step": 863}