{"Total Loss": 0.013288765214383602, "Pred Loss": 0.013171575032174587, "Decop Loss": 0.0023438127245754004, "_timestamp": 1681102525.3685155, "_runtime": 164728.21885442734, "_step": 8671}