{"Total Loss": 0.029323119670152664, "Pred Loss": 0.026995908468961716, "Decop Loss": 0.04654426872730255, "_timestamp": 1681704561.396546, "_runtime": 732.4762229919434, "_step": 54, "Test mse": 0.26214349269866943, "_wandb": {"runtime": 730}}