{"Total Loss": 0.14810721576213837, "Pred Loss": 0.11582940816879272, "Decop Loss": 0.6455561518669128, "_timestamp": 1680478310.8810556, "_runtime": 243.80232763290405, "_step": 9, "_wandb": {"runtime": 260}}