{"Total Loss": 0.03724808990955353, "Pred Loss": 0.03415197134017944, "Decop Loss": 0.061922337859869, "_timestamp": 1681707656.1034062, "_runtime": 725.2300713062286, "_step": 54, "Test mse": 0.05486294627189636, "_wandb": {"runtime": 724}}