{"Total Loss": 0.03110417351126671, "Pred Loss": 0.030198391526937485, "Decop Loss": 0.01811566948890686, "_timestamp": 1681668861.6227975, "_runtime": 1176.3079545497894, "_step": 92, "Test mse": 0.0574447400867939}