{"Total Loss": 0.18628764152526855, "Pred Loss": 0.17386117577552795, "Decop Loss": 0.2485290765762329, "_timestamp": 1682287308.263335, "_runtime": 99.43000793457031, "_step": 1, "_wandb": {"runtime": 99}}