{"Total Loss": 0.049776218831539154, "Pred Loss": 0.04782256484031677, "Decop Loss": 0.039073117077350616, "_timestamp": 1683320997.5906143, "_runtime": 6447.347235202789, "_step": 283, "Test mse": 0.05646383762359619, "_wandb": {"runtime": 6496}}