{"Total Loss": 0.02119825780391693, "Pred Loss": 0.020970765501260757, "Decop Loss": 0.004549851641058922, "_timestamp": 1681774852.35536, "_runtime": 53160.80249595642, "_step": 4413, "Test mse": 0.09361385554075241, "_wandb": {"runtime": 53166}}