{"Total Loss": 0.16608434915542603, "Pred Loss": 0.16197872161865234, "Decop Loss": 0.08211230486631393, "_timestamp": 1682288383.6787224, "_runtime": 81.09535431861877, "_step": 0}