{"Total Loss": 0.014009407721459866, "Pred Loss": 0.013860015198588371, "Decop Loss": 0.0029878411442041397, "_timestamp": 1682129992.520216, "_runtime": 168329.7070260048, "_step": 8596}