{"Total Loss": 0.04939365014433861, "Pred Loss": 0.044883325695991516, "Decop Loss": 0.09020645916461945, "_timestamp": 1683127764.2261415, "_runtime": 299.1656005382538, "_step": 9}