{"Total Loss": 0.025127962231636047, "Pred Loss": 0.023508954793214798, "Decop Loss": 0.03238017112016678, "_timestamp": 1681704562.0799403, "_runtime": 731.586668252945, "_step": 54, "Test mse": 0.35438862442970276, "_wandb": {"runtime": 730}}