{"Total Loss": 0.04589498043060303, "Pred Loss": 0.04396281763911247, "Decop Loss": 0.03864336013793945, "_timestamp": 1683424579.198914, "_runtime": 8512.021983146667, "_step": 334, "Test mse": 0.05135262757539749, "_wandb": {"runtime": 8513}}