{"Total Loss": 0.013837086968123913, "Pred Loss": 0.013777866028249264, "Decop Loss": 0.0011844050604850054, "_timestamp": 1682131675.6377702, "_runtime": 170012.72992110252, "_step": 8718}