{"Total Loss": 0.013467350974678993, "Pred Loss": 0.013415386900305748, "Decop Loss": 0.0010392861440777779, "_timestamp": 1683078998.1864908, "_runtime": 65546.12036776543, "_step": 5341}