{"Test mse": 0.03892084211111069, "_timestamp": 1683127748.2262247, "_runtime": 549.5424857139587, "_step": 21}