{"Total Loss": 0.17053894698619843, "Pred Loss": 0.1671040952205658, "Decop Loss": 0.06869717687368393, "_timestamp": 1682941251.6645064, "_runtime": 99.02318143844604, "_step": 0, "_wandb": {"runtime": 113}}