{"Total Loss": 0.014522946439683437, "Pred Loss": 0.014507541432976723, "Decop Loss": 0.0003080915776081383, "_timestamp": 1681232868.1333547, "_runtime": 112566.53266763687, "_step": 10999, "Test mse": 0.022750742733478546, "_wandb": {"runtime": 112566}}