{"Total Loss": 0.04057217389345169, "Pred Loss": 0.0387159064412117, "Decop Loss": 0.03712533041834831, "_timestamp": 1683444254.221257, "_runtime": 9346.947220087051, "_step": 415}