{"Total Loss": 0.012525270693004131, "Pred Loss": 0.012438244186341763, "Decop Loss": 0.001740525010973215, "_timestamp": 1681238978.1043851, "_runtime": 118184.34351921082, "_step": 10999, "Test mse": 0.022979469038546085, "_wandb": {"runtime": 118184}}