{"Total Loss": 0.01710730791091919, "Pred Loss": 0.01706630364060402, "Decop Loss": 0.00082008121535182, "_timestamp": 1682955498.5903313, "_runtime": 6220.979234218597, "_step": 459, "Test mse": 0.026363907381892204, "_wandb": {"runtime": 6227}}