{"Total Loss": 0.1638508141040802, "Pred Loss": 0.1384160816669464, "Decop Loss": 0.5086947083473206, "_timestamp": 1683213241.7211757, "_runtime": 196.17623376846313, "_step": 5, "_wandb": {"runtime": 196}}