{"Total Loss": 0.18614934384822845, "Pred Loss": 0.17248782515525818, "Decop Loss": 0.27323049306869507, "_timestamp": 1682287850.5792823, "_runtime": 87.39112734794617, "_step": 1, "_wandb": {"runtime": 87}}