{"Total Loss": 0.15653811395168304, "Pred Loss": 0.1241731271147728, "Decop Loss": 0.6472996473312378, "_timestamp": 1680478735.8848932, "_runtime": 259.0252842903137, "_step": 9, "_wandb": {"runtime": 271}}