{"Test mse": 0.031953517347574234, "_timestamp": 1681820136.2540407, "_runtime": 29405.079919815063, "_step": 2419}