{"Total Loss": 0.0248483307659626, "Pred Loss": 0.024467801675200462, "Decop Loss": 0.007610592059791088, "_timestamp": 1683126921.2708693, "_runtime": 72600.1328163147, "_step": 3269, "Test mse": 0.03126539662480354, "_wandb": {"runtime": 72614}}