{"Total Loss": 0.16991369426250458, "Pred Loss": 0.1657368391752243, "Decop Loss": 0.08353714644908905, "_timestamp": 1682289075.3401277, "_runtime": 85.63428568840027, "_step": 0, "_wandb": {"runtime": 105}}