{"Total Loss": 0.03750673681497574, "Pred Loss": 0.03527586907148361, "Decop Loss": 0.04461734741926193, "_timestamp": 1681706931.627372, "_runtime": 733.2083210945129, "_step": 54, "Test mse": 0.05637715384364128, "_wandb": {"runtime": 732}}