{"Total Loss": 0.020664680749177933, "Pred Loss": 0.020300928503274918, "Decop Loss": 0.007275059819221497, "_timestamp": 1681662934.7262664, "_runtime": 36835.256021499634, "_step": 3052, "Test mse": 0.0}