{"Total Loss": 0.0320211723446846, "Pred Loss": 0.03126496821641922, "Decop Loss": 0.01512405276298523, "_timestamp": 1681891257.8017964, "_runtime": 9035.58334851265, "_step": 728}