{"Total Loss": 0.012164991348981857, "Pred Loss": 0.012079725041985512, "Decop Loss": 0.0017053227638825774, "_timestamp": 1680641284.825698, "_runtime": 161615.47978186607, "_step": 8184}