{"Total Loss": 0.03137822076678276, "Pred Loss": 0.030819838866591454, "Decop Loss": 0.011167658492922783, "_timestamp": 1682968418.2785385, "_runtime": 12593.200634479523, "_step": 1027, "Test mse": 0.03633038327097893, "_wandb": {"runtime": 12599}}