{"Total Loss": 0.01463304553180933, "Pred Loss": 0.014487259089946747, "Decop Loss": 0.0029157246463000774, "_timestamp": 1681240324.3714662, "_runtime": 120303.72075223923, "_step": 10999, "Test mse": 0.027536875568330288, "_wandb": {"runtime": 120303}}