{"Total Loss": 0.014728996902704239, "Pred Loss": 0.014621536247432232, "Decop Loss": 0.0021492168307304382, "_timestamp": 1682033281.858456, "_runtime": 140822.3573758602, "_step": 10999, "Test mse": 0.034138601273298264, "_wandb": {"runtime": 140822}}