{"Total Loss": 0.19891944527626038, "Pred Loss": 0.17581382393836975, "Decop Loss": 0.46211227774620056, "_timestamp": 1680936615.7802525, "_runtime": 99.99392342567444, "_step": 1, "_wandb": {"runtime": 112}}