{"Total Loss": 0.014647552743554115, "Pred Loss": 0.01462713535875082, "Decop Loss": 0.0004083285457454622, "_timestamp": 1683079101.7654283, "_runtime": 65613.9580783844, "_step": 4891}