{"Total Loss": 0.02071910910308361, "Pred Loss": 0.020651139318943024, "Decop Loss": 0.0013594005722552538, "_timestamp": 1683127777.4545307, "_runtime": 114409.4774427414, "_step": 8510}