{"Total Loss": 0.053475521504879, "Pred Loss": 0.05139625072479248, "Decop Loss": 0.041585423052310944, "_timestamp": 1683444208.8197389, "_runtime": 5657.886510848999, "_step": 238}