{"Total Loss": 0.013292449526488781, "Pred Loss": 0.013226404786109924, "Decop Loss": 0.0013208941090852022, "_timestamp": 1681049776.3264973, "_runtime": 111835.2933113575, "_step": 9999, "_wandb": {"runtime": 111844}}