{"Total Loss": 0.014541344717144966, "Pred Loss": 0.014433479867875576, "Decop Loss": 0.0021572932600975037, "_timestamp": 1681231989.3578656, "_runtime": 111102.39403963089, "_step": 10999, "Test mse": 0.022785775363445282, "_wandb": {"runtime": 111102}}