{"Total Loss": 0.017534561455249786, "Pred Loss": 0.017435763031244278, "Decop Loss": 0.001975955907255411, "_timestamp": 1681777167.617297, "_runtime": 111502.15763497353, "_step": 9201, "Test mse": 0.047520801424980164}