{"Total Loss": 0.18229252099990845, "Pred Loss": 0.16861969232559204, "Decop Loss": 0.2734563648700714, "_timestamp": 1682287862.8442802, "_runtime": 88.60533213615417, "_step": 1, "_wandb": {"runtime": 88}}