{"Total Loss": 0.012087587267160416, "Pred Loss": 0.011743874289095402, "Decop Loss": 0.006874253042042255, "_timestamp": 1680641277.7518344, "_runtime": 160553.8504433632, "_step": 8196}