{"Total Loss": 0.016822347417473793, "Pred Loss": 0.016773823648691177, "Decop Loss": 0.0009704915573820472, "_timestamp": 1682857706.4914186, "_runtime": 13706.868223667145, "_step": 1110, "Test mse": 0.02549375593662262, "_wandb": {"runtime": 13706}}