{"Total Loss": 0.012833086773753166, "Pred Loss": 0.012772497721016407, "Decop Loss": 0.0012117729056626558, "_timestamp": 1681104032.9732516, "_runtime": 106814.71495652199, "_step": 9999, "_wandb": {"runtime": 106824}}