{"Total Loss": 0.18827199935913086, "Pred Loss": 0.17357811331748962, "Decop Loss": 0.29387804865837097, "_timestamp": 1682289753.0807245, "_runtime": 98.25710248947144, "_step": 1, "_wandb": {"runtime": 98}}