{"Total Loss": 0.033173758536577225, "Pred Loss": 0.03112189844250679, "Decop Loss": 0.04103720560669899, "_timestamp": 1681707830.902696, "_runtime": 723.7748458385468, "_step": 54, "Test mse": 0.050054799765348434, "_wandb": {"runtime": 723}}