{"Total Loss": 0.02222016081213951, "Pred Loss": 0.02198701910674572, "Decop Loss": 0.004662793129682541, "_timestamp": 1681775564.386475, "_runtime": 53844.71239519119, "_step": 4443, "Test mse": 0.04021541774272919, "_wandb": {"runtime": 53844}}