{"Total Loss": 0.013262633234262466, "Pred Loss": 0.013169570825994015, "Decop Loss": 0.0018612578278407454, "_timestamp": 1682682168.496732, "_runtime": 130518.54328203201, "_step": 6318}