{"Total Loss": 0.04394529014825821, "Pred Loss": 0.04211683198809624, "Decop Loss": 0.036569081246852875, "_timestamp": 1683332309.5451372, "_runtime": 9577.39241027832, "_step": 391, "Test mse": 0.04742524400353432, "_wandb": {"runtime": 9658}}