{"Total Loss": 0.015350479632616043, "Pred Loss": 0.01531809102743864, "Decop Loss": 0.0006477649440057576, "_timestamp": 1683004029.4692702, "_runtime": 31914.737567186356, "_step": 2404, "Test mse": 0.026364067569375038, "_wandb": {"runtime": 31921}}