{"Total Loss": 0.09536069631576538, "Pred Loss": 0.08345463126897812, "Decop Loss": 0.2381211519241333, "_timestamp": 1681881761.8260853, "_runtime": 422.283474445343, "_step": 27}