{"Total Loss": 0.017996668815612793, "Pred Loss": 0.017885388806462288, "Decop Loss": 0.0022256167139858007, "_timestamp": 1681231705.9436538, "_runtime": 110789.83593988419, "_step": 10999, "Test mse": 0.023883727379143238, "_wandb": {"runtime": 110789}}