{"Total Loss": 0.02714782953262329, "Pred Loss": 0.026573678478598595, "Decop Loss": 0.011483082547783852, "_timestamp": 1683444267.0067132, "_runtime": 5757.799341201782, "_step": 254}