{"Total Loss": 0.012549811974167824, "Pred Loss": 0.012532828375697136, "Decop Loss": 0.000339665450155735, "_timestamp": 1682318736.1306286, "_runtime": 113038.92905569077, "_step": 8605}