{"Total Loss": 0.015473230741918087, "Pred Loss": 0.01545377355068922, "Decop Loss": 0.00038913643220439553, "_timestamp": 1681232458.090399, "_runtime": 112084.10808992386, "_step": 10999, "Test mse": 0.025808580219745636, "_wandb": {"runtime": 112083}}