{"Total Loss": 0.019526854157447815, "Pred Loss": 0.01919863186776638, "Decop Loss": 0.006564458832144737, "_timestamp": 1681662904.125201, "_runtime": 36778.469568014145, "_step": 3050, "Test mse": 0.0}