{"Total Loss": 0.015904461964964867, "Pred Loss": 0.01584751158952713, "Decop Loss": 0.0011389871360734105, "_timestamp": 1682982910.7996132, "_runtime": 9477.888755321503, "_step": 765, "Test mse": 0.02573699876666069, "_wandb": {"runtime": 9484}}