{"Total Loss": 0.012731567956507206, "Pred Loss": 0.012608117423951626, "Decop Loss": 0.0024690045975148678, "_timestamp": 1680641278.3162475, "_runtime": 160576.22924256325, "_step": 8221}