{"Total Loss": 0.1833978295326233, "Pred Loss": 0.16975554823875427, "Decop Loss": 0.272845983505249, "_timestamp": 1682287318.3624287, "_runtime": 109.52886056900024, "_step": 1, "_wandb": {"runtime": 109}}