{"Total Loss": 0.028034454211592674, "Pred Loss": 0.026897957548499107, "Decop Loss": 0.022729909047484398, "_timestamp": 1681707025.663626, "_runtime": 719.3749659061432, "_step": 54, "Test mse": 0.31452465057373047, "_wandb": {"runtime": 719}}