{"Total Loss": 0.011977842077612877, "Pred Loss": 0.011966212652623653, "Decop Loss": 0.00023258985311258584, "_timestamp": 1681237789.2321877, "_runtime": 117754.52305173874, "_step": 10999, "Test mse": 0.023694772273302078, "_wandb": {"runtime": 117754}}