{"Total Loss": 0.026266317814588547, "Pred Loss": 0.025939298793673515, "Decop Loss": 0.006540411151945591, "_timestamp": 1683127388.8960814, "_runtime": 72251.32318735123, "_step": 3264, "Test mse": 0.031756896525621414, "_wandb": {"runtime": 72265}}